created_at,id,id_str,text,full_text,truncated,entities,source,in_reply_to_status_id,in_reply_to_status_id_str,in_reply_to_user_id,in_reply_to_user_id_str,in_reply_to_screen_name,geo,coordinates,place,contributors,is_quote_status,retweet_count,favorite_count,favorited,favorited_by,retweeted,scopes,lang,possibly_sensitive,display_text_width,display_text_range,retweeted_status,quoted_status,quoted_status_id,quoted_status_id_str,quoted_status_permalink,quote_count,timestamp_ms,reply_count,filter_level,metadata,query,withheld_scope,withheld_copyright,withheld_in_countries,possibly_sensitive_appealable
2023-02-05T01:06:07Z,1622038829006819300,1622038829006819329,Ya sabes‚Ä¶üòâ https://t.co/uKnA3ATSHN,Ya sabes‚Ä¶üòâ https://t.co/uKnA3ATSHN,FALSE,,"<a href=""http://twitter.com/download/iphone"" rel=""nofollow"">Twitter for iPhone</a>",NA,NA,NA,NA,NA,,,,NA,FALSE,183,448,FALSE,NA,FALSE,NA,es,FALSE,NA,10,NA,,NA,NA,,NA,NA,NA,NA,NA,NA,NA,NA,NA,NA
2023-02-04T20:48:54Z,1621974099475026e3,1621974099475025920,"Papeleta de pueblos y nacionalidades para el CPCCS.
La Liga Azulüòâüòâüòâ https://t.co/YonaTRGCvO","Papeleta de pueblos y nacionalidades para el CPCCS.
La Liga Azulüòâüòâüòâ https://t.co/YonaTRGCvO",FALSE,,"<a href=""http://twitter.com/download/iphone"" rel=""nofollow"">Twitter for iPhone</a>",NA,NA,NA,NA,NA,,,,NA,FALSE,173,317,FALSE,NA,FALSE,NA,es,FALSE,NA,67,NA,,NA,NA,,NA,NA,NA,NA,NA,NA,NA,NA,NA,NA
2023-02-04T20:48:08Z,1621973906180477e3,1621973906180476928,"Papeleta de mujeres para el CPCCS.
La Liga Azulüòâüòâ https://t.co/P8mS9U0Bnx","Papeleta de mujeres para el CPCCS.
La Liga Azulüòâüòâ https://t.co/P8mS9U0Bnx",FALSE,,"<a href=""http://twitter.com/download/iphone"" rel=""nofollow"">Twitter for iPhone</a>",NA,NA,NA,NA,NA,,,,NA,FALSE,161,327,FALSE,NA,FALSE,NA,es,FALSE,NA,49,NA,,NA,NA,,NA,NA,NA,NA,NA,NA,NA,NA,NA,NA
2023-02-04T20:46:15Z,162197343117969e4,1621973431179689984,"Papeleta de hombres del CPCCS.
La Liga Azulüòâ https://t.co/wNYeSHimdE","Papeleta de hombres del CPCCS.
La Liga Azulüòâ https://t.co/wNYeSHimdE",FALSE,,"<a href=""http://twitter.com/download/iphone"" rel=""nofollow"">Twitter for iPhone</a>",NA,NA,NA,NA,NA,,,,NA,FALSE,322,644,FALSE,NA,FALSE,NA,es,FALSE,NA,44,NA,,NA,NA,,NA,NA,NA,NA,NA,NA,NA,NA,NA,NA
2023-02-04T19:52:26Z,1621959889181458400,1621959889181458433,"¬°Pilas Manab√≠!
Comunicado m√°s falso que billete de $2,5.
Lo que hace la desesperaci√≥nüòâ
#LosCorruptosSiempreFueronEllos https://t.co/PxHLAQXdiR","¬°Pilas Manab√≠!
Comunicado m√°s falso que billete de $2,5.
Lo que hace la desesperaci√≥nüòâ
#LosCorruptosSiempreFueronEllos https://t.co/PxHLAQXdiR",FALSE,,"<a href=""http://twitter.com/download/iphone"" rel=""nofollow"">Twitter for iPhone</a>",NA,NA,NA,NA,NA,,,,NA,FALSE,166,257,FALSE,NA,FALSE,NA,es,FALSE,NA,118,NA,,NA,NA,,NA,NA,NA,NA,NA,NA,NA,NA,NA,NA
2023-02-04T19:45:54Z,1621958244347289600,1621958244347289600,"Gracias‚Ä¶üòâ
#ParaTontoNoSeEstudia https://t.co/b24gdFC677","Gracias‚Ä¶üòâ
#ParaTontoNoSeEstudia https://t.co/b24gdFC677",FALSE,,"<a href=""http://twitter.com/download/iphone"" rel=""nofollow"">Twitter for iPhone</a>",NA,NA,NA,NA,NA,,,,NA,TRUE,143,387,FALSE,NA,FALSE,NA,es,FALSE,NA,31,NA,,1621382951312187400,1621382951312187392,,NA,NA,NA,NA,NA,NA,NA,NA,NA,NA
2023-02-04T19:43:15Z,1621957576278655e3,1621957576278654978,üòÇüòÇüòÇ https://t.co/WtDKBNeDoU,üòÇüòÇüòÇ https://t.co/WtDKBNeDoU,FALSE,,"<a href=""http://twitter.com/download/iphone"" rel=""nofollow"">Twitter for iPhone</a>",NA,NA,NA,NA,NA,,,,NA,FALSE,300,596,FALSE,NA,FALSE,NA,und,FALSE,NA,3,NA,,NA,NA,,NA,NA,NA,NA,NA,NA,NA,NA,NA,NA
2023-02-04T16:46:57Z,1621913210461819e3,1621913210461818882,üòä https://t.co/IKeFszOJZW,üòä https://t.co/IKeFszOJZW,FALSE,,"<a href=""http://twitter.com/download/iphone"" rel=""nofollow"">Twitter for iPhone</a>",NA,NA,NA,NA,NA,,,,NA,TRUE,47,166,FALSE,NA,FALSE,NA,art,FALSE,NA,1,NA,,1621901831675805700,1621901831675805696,,NA,NA,NA,NA,NA,NA,NA,NA,NA,NA
2023-02-04T16:01:51Z,1621901857655296e3,1621901857655296000,"¬øQu√© pas√≥ con la seguridad? Simple pero triste.
Aqu√≠ te lo contamos.
TODO, TODITO 5
#ALassoDileNo https://t.co/zBzTJlbo5Y","¬øQu√© pas√≥ con la seguridad? Simple pero triste.
Aqu√≠ te lo contamos.
TODO, TODITO 5
#ALassoDileNo https://t.co/zBzTJlbo5Y",FALSE,,"<a href=""http://twitter.com/download/iphone"" rel=""nofollow"">Twitter for iPhone</a>",NA,NA,NA,NA,NA,,,,NA,FALSE,238,393,FALSE,NA,FALSE,NA,es,FALSE,NA,97,NA,,NA,NA,,NA,NA,NA,NA,NA,NA,NA,NA,NA,NA
2023-02-04T15:39:31Z,1621896239213158400,1621896239213158400,"#LaArce Duran querido, ma√±ana domingo 5, #TodoTodito5 https://t.co/Nwb14FFRRQ","#LaArce Duran querido, ma√±ana domingo 5, #TodoTodito5 https://t.co/Nwb14FFRRQ",FALSE,,"<a href=""http://twitter.com/download/iphone"" rel=""nofollow"">Twitter for iPhone</a>",NA,NA,NA,NA,NA,,,,NA,FALSE,165,457,FALSE,NA,FALSE,NA,es,FALSE,NA,53,NA,,NA,NA,,NA,NA,NA,NA,NA,NA,NA,NA,NA,NA
2023-02-04T15:33:00Z,1621894599525400600,1621894599525400577,"Traidores habr√° siempre, pero si por miedo a las tormentas no dejamos el puerto, probablemente tendremos calma, aunque tambi√©n la certeza de no ir a ning√∫n lado.
¬´Si enga√±ado no enga√±as, ni buscas m√°s odio que el odio que te tengan¬ª RK
Un gran abrazo y gracias por su preocupaci√≥n https://t.co/RI9L1FgzyH","Traidores habr√° siempre, pero si por miedo a las tormentas no dejamos el puerto, probablemente tendremos calma, aunque tambi√©n la certeza de no ir a ning√∫n lado.
¬´Si enga√±ado no enga√±as, ni buscas m√°s odio que el odio que te tengan¬ª RK
Un gran abrazo y gracias por su preocupaci√≥n https://t.co/RI9L1FgzyH",FALSE,,"<a href=""http://twitter.com/download/iphone"" rel=""nofollow"">Twitter for iPhone</a>",NA,NA,NA,NA,NA,,,,NA,TRUE,155,316,FALSE,NA,FALSE,NA,es,FALSE,NA,280,NA,,1621886374583353300,1621886374583353345,,NA,NA,NA,NA,NA,NA,NA,NA,NA,NA
2023-02-04T14:56:40Z,1621885456387301400,1621885456387301376,"Yo he ¬´huido¬ª a B√©lgica. 
Mientras m√°s conozco a la gente, m√°s quiero a mi perroüòâ
Yo tambi√©n dije que si alguien demostraba que hab√≠a robado un centavo, me pegaba un tiro. Si no, que se lo pegue √©l.
¬øAceptar√° Amoroso?
Estaremos esperando.
#LosCorruptosSiempreFueronEllos https://t.co/MCwETa3rN5","Yo he ¬´huido¬ª a B√©lgica. 
Mientras m√°s conozco a la gente, m√°s quiero a mi perroüòâ
Yo tambi√©n dije que si alguien demostraba que hab√≠a robado un centavo, me pegaba un tiro. Si no, que se lo pegue √©l.
¬øAceptar√° Amoroso?
Estaremos esperando.
#LosCorruptosSiempreFueronEllos https://t.co/MCwETa3rN5",FALSE,,"<a href=""http://twitter.com/download/iphone"" rel=""nofollow"">Twitter for iPhone</a>",NA,NA,NA,NA,NA,,,,NA,FALSE,184,338,FALSE,NA,FALSE,NA,es,FALSE,NA,270,NA,,NA,NA,,NA,NA,NA,NA,NA,NA,NA,NA,NA,NA
2023-02-04T14:47:07Z,1621883050484269e3,1621883050484269056,"Moreno, Lasso, su prensa y sus c√≥mplices nos destruyeron.
A veces para avanzar hay que volver.
#VolvamosASerPatria
TODO, TODITO 5 https://t.co/b5QQTHDp7s","Moreno, Lasso, su prensa y sus c√≥mplices nos destruyeron.
A veces para avanzar hay que volver.
#VolvamosASerPatria
TODO, TODITO 5 https://t.co/b5QQTHDp7s",FALSE,,"<a href=""http://twitter.com/download/iphone"" rel=""nofollow"">Twitter for iPhone</a>",NA,NA,NA,NA,NA,,,,NA,FALSE,303,541,FALSE,NA,FALSE,NA,es,FALSE,NA,129,NA,,NA,NA,,NA,NA,NA,NA,NA,NA,NA,NA,NA,NA
2023-02-04T14:40:18Z,1621881338944004e3,1621881338944004096,"üá™üá®üá™üá®üá™üá®
Ecuador‚ÄºÔ∏è
TODO, TODITO 5‚úãüèº https://t.co/v77pIG0nhj","üá™üá®üá™üá®üá™üá®
Ecuador‚ÄºÔ∏è
TODO, TODITO 5‚úãüèº https://t.co/v77pIG0nhj",FALSE,,"<a href=""http://twitter.com/download/iphone"" rel=""nofollow"">Twitter for iPhone</a>",NA,NA,NA,NA,NA,,,,NA,FALSE,581,1645,FALSE,NA,FALSE,NA,es,FALSE,NA,33,NA,,NA,NA,,NA,NA,NA,NA,NA,NA,NA,NA,NA,NA
2023-02-04T14:30:09Z,1.6218787837027041e+18,1621878783702704128,Marcela te explica c√≥mo votar para el CPCCS. https://t.co/TJWVmR9rfv,Marcela te explica c√≥mo votar para el CPCCS. https://t.co/TJWVmR9rfv,FALSE,,"<a href=""http://twitter.com/download/iphone"" rel=""nofollow"">Twitter for iPhone</a>",NA,NA,NA,NA,NA,,,,NA,FALSE,149,340,FALSE,NA,FALSE,NA,es,FALSE,NA,44,NA,,NA,NA,,NA,NA,NA,NA,NA,NA,NA,NA,NA,NA
2023-02-04T14:10:21Z,1621873799716012e3,1621873799716012034,Inversi√≥n p√∫blica de Ecuador en enero de 2023 fue la m√°s baja de los √∫ltimos 14 a√±os - El Comercio https://t.co/YmUd9SJ8W1,Inversi√≥n p√∫blica de Ecuador en enero de 2023 fue la m√°s baja de los √∫ltimos 14 a√±os - El Comercio https://t.co/YmUd9SJ8W1,FALSE,,"<a href=""http://twitter.com/download/iphone"" rel=""nofollow"">Twitter for iPhone</a>",NA,NA,NA,NA,NA,,,,NA,FALSE,113,199,FALSE,NA,FALSE,NA,es,FALSE,NA,122,NA,,NA,NA,,NA,NA,NA,NA,NA,NA,NA,NA,NA,NA
2023-02-04T14:05:06Z,1621872477088485400,1621872477088485382,‚Ä¶Humanos declar√≥ que el Estado de Colombia es responsable por las violaciones de derechos humanos cometidas en perjuicio de m√°s de seis mil v√≠ctimas integrantes y militantes del partido pol√≠tico Uni√≥n Patri√≥tica (‚ÄúUP‚Äù) a partir de 1984 y por m√°s de veinte a√±os.,‚Ä¶Humanos declar√≥ que el Estado de Colombia es responsable por las violaciones de derechos humanos cometidas en perjuicio de m√°s de seis mil v√≠ctimas integrantes y militantes del partido pol√≠tico Uni√≥n Patri√≥tica (‚ÄúUP‚Äù) a partir de 1984 y por m√°s de veinte a√±os.,FALSE,,"<a href=""http://twitter.com/download/iphone"" rel=""nofollow"">Twitter for iPhone</a>",1621872475591024600,1621872475591024641,209780362,209780362,MashiRafael,,,,NA,FALSE,75,199,FALSE,NA,FALSE,NA,es,NA,NA,261,NA,,NA,NA,,NA,NA,NA,NA,NA,NA,NA,NA,NA,NA
2023-02-04T14:05:05Z,1621872475591024600,1621872475591024641,"Por todos los ca√≠dos, por su ejemplo, por el dolor de sus familias.
San Jos√©, Costa Rica, 30 de enero de 2023.- En la Sentencia del caso Integrantes y Militantes de la Uni√≥n Patri√≥tica Vs. Colombia, notificada hoy, la Corte Interamericana de Derechos‚Ä¶","Por todos los ca√≠dos, por su ejemplo, por el dolor de sus familias.
San Jos√©, Costa Rica, 30 de enero de 2023.- En la Sentencia del caso Integrantes y Militantes de la Uni√≥n Patri√≥tica Vs. Colombia, notificada hoy, la Corte Interamericana de Derechos‚Ä¶",FALSE,,"<a href=""http://twitter.com/download/iphone"" rel=""nofollow"">Twitter for iPhone</a>",NA,NA,NA,NA,NA,,,,NA,FALSE,240,575,FALSE,NA,FALSE,NA,es,NA,NA,251,NA,,NA,NA,,NA,NA,NA,NA,NA,NA,NA,NA,NA,NA
2023-02-04T00:47:20Z,1621671715146195e3,1621671715146194946,https://t.co/8iZSisGINJ,https://t.co/8iZSisGINJ,FALSE,,"<a href=""http://twitter.com/download/iphone"" rel=""nofollow"">Twitter for iPhone</a>",NA,NA,NA,NA,NA,,,,NA,FALSE,99,158,FALSE,NA,FALSE,NA,zxx,FALSE,NA,23,NA,,NA,NA,,NA,NA,NA,NA,NA,NA,NA,NA,NA,NA
2023-02-03T23:42:42Z,1621655448867819500,1621655448867819520,Editorial.- Esta vez no habr√° retorno | https://t.co/Z41fmifwkS https://t.co/WJFzYKa2L9,Editorial.- Esta vez no habr√° retorno | https://t.co/Z41fmifwkS https://t.co/WJFzYKa2L9,FALSE,,"<a href=""http://twitter.com/download/iphone"" rel=""nofollow"">Twitter for iPhone</a>",NA,NA,NA,NA,NA,,,,NA,FALSE,143,263,FALSE,NA,FALSE,NA,es,FALSE,NA,87,NA,,NA,NA,,NA,NA,NA,NA,NA,NA,NA,NA,NA,NA
2023-02-03T22:16:00Z,1621633627866931200,1621633627866931200,"Mi mensaje a los j√≥venes.
RTüëàüèº

https://t.co/0BsD0ijXpi","Mi mensaje a los j√≥venes.
RTüëàüèº

https://t.co/0BsD0ijXpi",FALSE,,"<a href=""http://twitter.com/download/iphone"" rel=""nofollow"">Twitter for iPhone</a>",NA,NA,NA,NA,NA,,,,NA,FALSE,319,500,FALSE,NA,FALSE,NA,es,FALSE,NA,55,NA,,NA,NA,,NA,NA,NA,NA,NA,NA,NA,NA,NA,NA
2023-02-03T21:27:54Z,1621621526238748700,1621621526238748676,"Alberto Acosta Jr. ya no causa ni coraje, tan solo l√°stima y algo de risaü§° https://t.co/tq0pwUSyBP","Alberto Acosta Jr. ya no causa ni coraje, tan solo l√°stima y algo de risaü§° https://t.co/tq0pwUSyBP",FALSE,,"<a href=""http://twitter.com/download/iphone"" rel=""nofollow"">Twitter for iPhone</a>",NA,NA,NA,NA,NA,,,,NA,FALSE,381,729,FALSE,NA,FALSE,NA,es,FALSE,NA,74,NA,,NA,NA,,NA,NA,NA,NA,NA,NA,NA,NA,NA,NA
2023-02-03T21:26:38Z,1621621206527971300,1621621206527971328,https://t.co/uiVXDSbUJl,https://t.co/uiVXDSbUJl,FALSE,,"<a href=""http://twitter.com/download/iphone"" rel=""nofollow"">Twitter for iPhone</a>",NA,NA,NA,NA,NA,,,,NA,FALSE,482,2191,FALSE,NA,FALSE,NA,zxx,FALSE,NA,0,NA,,NA,NA,,NA,NA,NA,NA,NA,NA,NA,NA,NA,NA
2023-02-03T20:51:16Z,1621612303916404700,1621612303916404736,"Hoy a las CINCO, no se pierdan mi mensaje a los j√≥venes en mi cuenta TikTok üëâüèº https://t.co/xHEUzRVlJi ü´∂üèº
#RafaelALosJ√≥venes https://t.co/xP9hx77Cf3","Hoy a las CINCO, no se pierdan mi mensaje a los j√≥venes en mi cuenta TikTok üëâüèº https://t.co/xHEUzRVlJi ü´∂üèº
#RafaelALosJ√≥venes https://t.co/xP9hx77Cf3",FALSE,,"<a href=""http://twitter.com/download/iphone"" rel=""nofollow"">Twitter for iPhone</a>",NA,NA,NA,NA,NA,,,,NA,FALSE,261,625,FALSE,NA,FALSE,NA,es,FALSE,NA,124,NA,,NA,NA,,NA,NA,NA,NA,NA,NA,NA,NA,NA,NA
2023-02-03T20:12:46Z,1621602616777052200,1621602616777052160,¬°Guap√≠sima! https://t.co/D5WQ7V1rqg,¬°Guap√≠sima! https://t.co/D5WQ7V1rqg,FALSE,,"<a href=""http://twitter.com/download/iphone"" rel=""nofollow"">Twitter for iPhone</a>",NA,NA,NA,NA,NA,,,,NA,FALSE,298,2037,FALSE,NA,FALSE,NA,es,FALSE,NA,11,NA,,NA,NA,,NA,NA,NA,NA,NA,NA,NA,NA,NA,NA
2023-02-03T17:20:46Z,1621559332746809300,1621559332746809344,"Si La Data -plataforma digital incondicional a Lasso- est√° con Yunda, ya todo est√° claro.
Yunda pact√≥ con Lasso. Hacen perder a Pabel, se lo bajan a Yunda por su sentencia en el TCE y Quito sigue destrozada pero en las manos del  Gobierno.
No enga√±an a nadie.
TODO, TODITO 5 https://t.co/yWO0ZPLFlI","Si La Data -plataforma digital incondicional a Lasso- est√° con Yunda, ya todo est√° claro.
Yunda pact√≥ con Lasso. Hacen perder a Pabel, se lo bajan a Yunda por su sentencia en el TCE y Quito sigue destrozada pero en las manos del  Gobierno.
No enga√±an a nadie.
TODO, TODITO 5 https://t.co/yWO0ZPLFlI",FALSE,,"<a href=""http://twitter.com/download/iphone"" rel=""nofollow"">Twitter for iPhone</a>",NA,NA,NA,NA,NA,,,,NA,TRUE,575,1036,FALSE,NA,FALSE,NA,es,FALSE,NA,274,NA,,1621315940846542800,1621315940846542848,,NA,NA,NA,NA,NA,NA,NA,NA,NA,NA
2023-02-03T17:14:07Z,1621557657235591200,1621557657235591170,La polla para Portoviejoüòâ https://t.co/GYni6g2FU7,La polla para Portoviejoüòâ https://t.co/GYni6g2FU7,FALSE,,"<a href=""http://twitter.com/download/iphone"" rel=""nofollow"">Twitter for iPhone</a>",NA,NA,NA,NA,NA,,,,NA,TRUE,116,219,FALSE,NA,FALSE,NA,es,FALSE,NA,25,NA,,1621551342706741200,1621551342706741248,,NA,NA,NA,NA,NA,NA,NA,NA,NA,NA
2023-02-03T16:50:18Z,1621551665701867500,1621551665701867521,"Nuestros migrantes en Estados Unidos.
#TeDevuelvoElNo https://t.co/GUinVXXQLe","Nuestros migrantes en Estados Unidos.
#TeDevuelvoElNo https://t.co/GUinVXXQLe",FALSE,,"<a href=""http://twitter.com/download/iphone"" rel=""nofollow"">Twitter for iPhone</a>",NA,NA,NA,NA,NA,,,,NA,FALSE,186,320,FALSE,NA,FALSE,NA,es,FALSE,NA,53,NA,,NA,NA,,NA,NA,NA,NA,NA,NA,NA,NA,NA,NA
2023-02-03T15:38:50Z,1621533680693805e3,1621533680693805056,"Agradezco a El Pa√≠s esta entrevista, pero no soy solo yo el que ¬´considera¬ª un montaje la  rid√≠cula condena contra m√≠.
Ya B√©lgica me otorg√≥ asilo reconociendo la persecuci√≥n POL√çTICA.
Como dir√≠an los j√≥venes: game overüòâ
Todo es cuesti√≥n de tiempo. https://t.co/2ybLUN7kJx","Agradezco a El Pa√≠s esta entrevista, pero no soy solo yo el que ¬´considera¬ª un montaje la  rid√≠cula condena contra m√≠.
Ya B√©lgica me otorg√≥ asilo reconociendo la persecuci√≥n POL√çTICA.
Como dir√≠an los j√≥venes: game overüòâ
Todo es cuesti√≥n de tiempo. https://t.co/2ybLUN7kJx",FALSE,,"<a href=""http://twitter.com/download/iphone"" rel=""nofollow"">Twitter for iPhone</a>",NA,NA,NA,NA,NA,,,,NA,FALSE,315,617,FALSE,NA,FALSE,NA,es,FALSE,NA,271,NA,,NA,NA,,NA,NA,NA,NA,NA,NA,NA,NA,NA,NA
2023-02-03T15:31:08Z,1621531740798943200,1621531740798943232,"Mar√≠a Paula Romo, uno de los personajes m√°s nefastos de la historia reciente.
#LosCorruptosSiempreFueronEllos https://t.co/PGJbuzrxw9","Mar√≠a Paula Romo, uno de los personajes m√°s nefastos de la historia reciente.
#LosCorruptosSiempreFueronEllos https://t.co/PGJbuzrxw9",FALSE,,"<a href=""http://twitter.com/download/iphone"" rel=""nofollow"">Twitter for iPhone</a>",NA,NA,NA,NA,NA,,,,NA,TRUE,271,423,FALSE,NA,FALSE,NA,es,FALSE,NA,109,NA,,1621197281134366700,1621197281134366720,,NA,NA,NA,NA,NA,NA,NA,NA,NA,NA
2023-02-03T15:29:06Z,1621531229127381e3,1621531229127380992,"¬°Atento Quito!
Este domingo son OCHO papeletas, pero la decisi√≥n es f√°cil.
üëáüèºAqu√≠ la polla. https://t.co/zxi7pkJrsx","¬°Atento Quito!
Este domingo son OCHO papeletas, pero la decisi√≥n es f√°cil.
üëáüèºAqu√≠ la polla. https://t.co/zxi7pkJrsx",FALSE,,"<a href=""http://twitter.com/download/iphone"" rel=""nofollow"">Twitter for iPhone</a>",NA,NA,NA,NA,NA,,,,NA,TRUE,249,458,FALSE,NA,FALSE,NA,es,FALSE,NA,91,NA,,1621204901446443e3,1621204901446443010,,NA,NA,NA,NA,NA,NA,NA,NA,NA,NA
2023-02-03T15:26:24Z,1621530549272592400,1621530549272592386,"TODO, TODITO 5 https://t.co/sFG1zOm8hx","TODO, TODITO 5 https://t.co/sFG1zOm8hx",FALSE,,"<a href=""http://twitter.com/download/iphone"" rel=""nofollow"">Twitter for iPhone</a>",NA,NA,NA,NA,NA,,,,NA,TRUE,186,428,FALSE,NA,FALSE,NA,es,FALSE,NA,14,NA,,1621234131785883600,1621234131785883650,,NA,NA,NA,NA,NA,NA,NA,NA,NA,NA
2023-02-03T03:42:01Z,1621353286631563300,1621353286631563269,¬°Echa un vistazo al v√≠deo de Jeanneth Lozada! #TikTok https://t.co/SklNaPewE0,¬°Echa un vistazo al v√≠deo de Jeanneth Lozada! #TikTok https://t.co/SklNaPewE0,FALSE,,"<a href=""http://twitter.com/download/iphone"" rel=""nofollow"">Twitter for iPhone</a>",NA,NA,NA,NA,NA,,,,NA,FALSE,103,181,FALSE,NA,FALSE,NA,es,FALSE,NA,77,NA,,NA,NA,,NA,NA,NA,NA,NA,NA,NA,NA,NA,NA
2023-02-03T02:48:20Z,1621339776056975400,1621339776056975362,"Con infinito amor, con sana rebeld√≠a, con absoluta convicci√≥n‚Ä¶
Por cada ecuatoriano, por cada ecuatoriana, este domingo 5 #TodoTodito5
Mi sentido mensaje antes del silencio electoral. https://t.co/VKDHUcFOYR","Con infinito amor, con sana rebeld√≠a, con absoluta convicci√≥n‚Ä¶
Por cada ecuatoriano, por cada ecuatoriana, este domingo 5 #TodoTodito5
Mi sentido mensaje antes del silencio electoral. https://t.co/VKDHUcFOYR",FALSE,,"<a href=""http://twitter.com/download/iphone"" rel=""nofollow"">Twitter for iPhone</a>",NA,NA,NA,NA,NA,,,,NA,FALSE,1730,3820,FALSE,NA,FALSE,NA,es,FALSE,NA,183,NA,,NA,NA,,NA,NA,NA,NA,NA,NA,NA,NA,NA,NA
2023-02-03T00:48:45Z,1621309683947475e3,1621309683947474945,"üî¥üî¥üî¥ 
√önete a la transmisi√≥n del gran cierre de campa√±a en Guayaquil con nuestros queridos compa√±eros @aquilesalvarez y @marcelaguinaga.
Los acompa√±ar√© virtualmente en: https://t.co/nj8wLnb0QD","üî¥üî¥üî¥ 
√önete a la transmisi√≥n del gran cierre de campa√±a en Guayaquil con nuestros queridos compa√±eros @aquilesalvarez y @marcelaguinaga.
Los acompa√±ar√© virtualmente en: https://t.co/nj8wLnb0QD",FALSE,,"<a href=""http://twitter.com/download/iphone"" rel=""nofollow"">Twitter for iPhone</a>",NA,NA,NA,NA,NA,,,,NA,FALSE,140,336,FALSE,NA,FALSE,NA,es,FALSE,NA,191,NA,,NA,NA,,NA,NA,NA,NA,NA,NA,NA,NA,NA,NA
2023-02-02T23:31:26Z,1621290226004942800,1621290226004942848,"Estoy casi seguro de eso. Conoc√≠ algo del caso, pero hab√≠a, como usted dice, una persecuci√≥n brutal.
¬øPor qu√© parar√≠a la persecuci√≥n justo el √∫ltimo d√≠a de campa√±a? La respuesta es claraüòâ https://t.co/Hr83OH1DMV","Estoy casi seguro de eso. Conoc√≠ algo del caso, pero hab√≠a, como usted dice, una persecuci√≥n brutal.
¬øPor qu√© parar√≠a la persecuci√≥n justo el √∫ltimo d√≠a de campa√±a? La respuesta es claraüòâ https://t.co/Hr83OH1DMV",FALSE,,"<a href=""http://twitter.com/download/iphone"" rel=""nofollow"">Twitter for iPhone</a>",NA,NA,NA,NA,NA,,,,NA,TRUE,156,281,FALSE,NA,FALSE,NA,es,FALSE,NA,187,NA,,1621286562045493200,1621286562045493250,,NA,NA,NA,NA,NA,NA,NA,NA,NA,NA
2023-02-02T23:01:19Z,1621282647484907500,1621282647484907521,"En pol√≠tica NO existen ¬´casualidades¬ª.
Que esta sentencia -y me alegro por el hijo-salga el √öLTIMO d√≠a de campa√±a es claro signo de que Yunda pact√≥ con Lasso para impedir que Pabel Mu√±oz gane Alcald√≠a.
Yunda gana, TCE lo destituye y Quito seguir√° en manos de los de siempreüòâ https://t.co/x41Lb5DljJ","En pol√≠tica NO existen ¬´casualidades¬ª.
Que esta sentencia -y me alegro por el hijo-salga el √öLTIMO d√≠a de campa√±a es claro signo de que Yunda pact√≥ con Lasso para impedir que Pabel Mu√±oz gane Alcald√≠a.
Yunda gana, TCE lo destituye y Quito seguir√° en manos de los de siempreüòâ https://t.co/x41Lb5DljJ",FALSE,,"<a href=""http://twitter.com/download/iphone"" rel=""nofollow"">Twitter for iPhone</a>",NA,NA,NA,NA,NA,,,,NA,TRUE,362,648,FALSE,NA,FALSE,NA,es,FALSE,NA,274,NA,,1621236385167409200,1621236385167409155,,NA,NA,NA,NA,NA,NA,NA,NA,NA,NA
2023-02-02T22:35:58Z,1621276268606914600,1621276268606914565,"Y si la l√≠nea de mando no fuera clara, siempre queda lo del influjo ps√≠quico.
¬øAs√≠ no era?üòâ
#LosCorruptosSiempreFueronEllos https://t.co/zO4ekeUjzk","Y si la l√≠nea de mando no fuera clara, siempre queda lo del influjo ps√≠quico.
¬øAs√≠ no era?üòâ
#LosCorruptosSiempreFueronEllos https://t.co/zO4ekeUjzk",FALSE,,"<a href=""http://twitter.com/download/iphone"" rel=""nofollow"">Twitter for iPhone</a>",NA,NA,NA,NA,NA,,,,NA,TRUE,268,392,FALSE,NA,FALSE,NA,es,FALSE,NA,123,NA,,1621271742944608300,1621271742944608257,,NA,NA,NA,NA,NA,NA,NA,NA,NA,NA
2023-02-02T21:13:20Z,1621255470915756e3,1621255470915756033,"Miren el da√±o que le quieren hacer a Quito.
En cualquier escenario, vuelve la inestabilidad y Quito pierde. https://t.co/BeijJKGQdu","Miren el da√±o que le quieren hacer a Quito.
En cualquier escenario, vuelve la inestabilidad y Quito pierde. https://t.co/BeijJKGQdu",FALSE,,"<a href=""http://twitter.com/download/iphone"" rel=""nofollow"">Twitter for iPhone</a>",NA,NA,NA,NA,NA,,,,NA,FALSE,270,448,FALSE,NA,FALSE,NA,es,FALSE,NA,131,NA,,NA,NA,,NA,NA,NA,NA,NA,NA,NA,NA,NA,NA
2023-02-02T20:19:44Z,1621241984189882400,1621241984189882374,¬°Echa un vistazo al v√≠deo de Jeanneth Lozada! #TikTok https://t.co/Sd6pFpvXpt,¬°Echa un vistazo al v√≠deo de Jeanneth Lozada! #TikTok https://t.co/Sd6pFpvXpt,FALSE,,"<a href=""http://twitter.com/download/iphone"" rel=""nofollow"">Twitter for iPhone</a>",NA,NA,NA,NA,NA,,,,NA,FALSE,124,208,FALSE,NA,FALSE,NA,es,FALSE,NA,77,NA,,NA,NA,,NA,NA,NA,NA,NA,NA,NA,NA,NA,NA
2023-02-02T19:48:32Z,1621234131785883600,1621234131785883650,¬°Debate Aquiles √Ålvarez - Cinthya Viteri!üòÇ https://t.co/EfZpU38h4a,¬°Debate Aquiles √Ålvarez - Cinthya Viteri!üòÇ https://t.co/EfZpU38h4a,FALSE,,"<a href=""http://twitter.com/download/iphone"" rel=""nofollow"">Twitter for iPhone</a>",NA,NA,NA,NA,NA,,,,NA,FALSE,278,595,FALSE,NA,FALSE,NA,es,FALSE,NA,42,NA,,NA,NA,,NA,NA,NA,NA,NA,NA,NA,NA,NA,NA
2023-02-02T18:53:03Z,1621220166930501600,1621220166930501639,https://t.co/3nDW9y6IZO,https://t.co/3nDW9y6IZO,FALSE,,"<a href=""http://twitter.com/download/iphone"" rel=""nofollow"">Twitter for iPhone</a>",NA,NA,NA,NA,NA,,,,NA,FALSE,306,666,FALSE,NA,FALSE,NA,zxx,FALSE,NA,0,NA,,NA,NA,,NA,NA,NA,NA,NA,NA,NA,NA,NA,NA
2023-02-02T18:41:44Z,1621217318008135700,1621217318008135682,"S√≠. Nos ba√±amos todos los d√≠asüòâ
#ParaTontoNoSeEstudia https://t.co/xUQ0txRn20","S√≠. Nos ba√±amos todos los d√≠asüòâ
#ParaTontoNoSeEstudia https://t.co/xUQ0txRn20",FALSE,,"<a href=""http://twitter.com/download/iphone"" rel=""nofollow"">Twitter for iPhone</a>",NA,NA,NA,NA,NA,,,,NA,TRUE,138,311,FALSE,NA,FALSE,NA,es,FALSE,NA,53,NA,,1621135071846760400,1621135071846760448,,NA,NA,NA,NA,NA,NA,NA,NA,NA,NA
2023-02-02T18:23:11Z,1621212653241700400,1621212653241700352,"Corte Constitucional de Trujillo y alfombra de Lasso, permite al banquero continuar con su ley tributaria impuesta de forma absolutamente ilegal
Como m√°ximo en 2025 necesitaremos nueva Constituyente. Moreno, Trujillo y Lasso destrozaron institucionalidad https://t.co/ejnKTjt3fM","Corte Constitucional de Trujillo y alfombra de Lasso, permite al banquero continuar con su ley tributaria impuesta de forma absolutamente ilegal
Como m√°ximo en 2025 necesitaremos nueva Constituyente. Moreno, Trujillo y Lasso destrozaron institucionalidad https://t.co/ejnKTjt3fM",FALSE,,"<a href=""http://twitter.com/download/iphone"" rel=""nofollow"">Twitter for iPhone</a>",NA,NA,NA,NA,NA,,,,NA,FALSE,208,351,FALSE,NA,FALSE,NA,es,FALSE,NA,278,NA,,NA,NA,,NA,NA,NA,NA,NA,NA,NA,NA,NA,NA
2023-02-02T18:10:54Z,1621209561783754800,1621209561783754758,"Lindo mensaje de Gustavo Jalk, expresidente de la Judicatura, para nuestro querido Portoviejo.
TODO, TODITO 5 https://t.co/jVL3Sl46ut","Lindo mensaje de Gustavo Jalk, expresidente de la Judicatura, para nuestro querido Portoviejo.
TODO, TODITO 5 https://t.co/jVL3Sl46ut",FALSE,,"<a href=""http://twitter.com/download/iphone"" rel=""nofollow"">Twitter for iPhone</a>",NA,NA,NA,NA,NA,,,,NA,FALSE,319,728,FALSE,NA,FALSE,NA,es,FALSE,NA,109,NA,,NA,NA,,NA,NA,NA,NA,NA,NA,NA,NA,NA,NA
2023-02-02T17:16:19Z,1621195824385368e3,1621195824385368070,Pasa la voz. https://t.co/JzouHtWt6c,Pasa la voz. https://t.co/JzouHtWt6c,FALSE,,"<a href=""http://twitter.com/download/iphone"" rel=""nofollow"">Twitter for iPhone</a>",NA,NA,NA,NA,NA,,,,NA,FALSE,159,348,FALSE,NA,FALSE,NA,es,FALSE,NA,12,NA,,NA,NA,,NA,NA,NA,NA,NA,NA,NA,NA,NA,NA
2023-02-02T17:16:19Z,1621195823408095200,1621195823408095232,https://t.co/6TMRsQrJ8s,https://t.co/6TMRsQrJ8s,FALSE,,"<a href=""http://twitter.com/download/iphone"" rel=""nofollow"">Twitter for iPhone</a>",NA,NA,NA,NA,NA,,,,NA,FALSE,100,208,FALSE,NA,FALSE,NA,zxx,FALSE,NA,0,NA,,NA,NA,,NA,NA,NA,NA,NA,NA,NA,NA,NA,NA
2023-02-02T15:38:06Z,1621171105380634600,1621171105380634626,Las mujeres de la Liga Azul al CPCCS. https://t.co/wjoETEOPJC,Las mujeres de la Liga Azul al CPCCS. https://t.co/wjoETEOPJC,FALSE,,"<a href=""http://twitter.com/download/iphone"" rel=""nofollow"">Twitter for iPhone</a>",NA,NA,NA,NA,NA,,,,NA,FALSE,162,295,FALSE,NA,FALSE,NA,es,FALSE,NA,37,NA,,NA,NA,,NA,NA,NA,NA,NA,NA,NA,NA,NA,NA
2023-02-02T15:36:15Z,1621170641561915400,1621170641561915393,La Liga Azul al CPCCS. https://t.co/VZMINb9cMt,La Liga Azul al CPCCS. https://t.co/VZMINb9cMt,FALSE,,"<a href=""http://twitter.com/download/iphone"" rel=""nofollow"">Twitter for iPhone</a>",NA,NA,NA,NA,NA,,,,NA,FALSE,640,1698,FALSE,NA,FALSE,NA,es,FALSE,NA,22,NA,,NA,NA,,NA,NA,NA,NA,NA,NA,NA,NA,NA,NA
2023-02-02T15:26:33Z,1621168198421987300,1621168198421987330,"Mi cari√±o y solidaridad, Humberto.
Un abrazo a todos los compa√±eros. https://t.co/cz3PQR1El9","Mi cari√±o y solidaridad, Humberto.
Un abrazo a todos los compa√±eros. https://t.co/cz3PQR1El9",FALSE,,"<a href=""http://twitter.com/download/iphone"" rel=""nofollow"">Twitter for iPhone</a>",NA,NA,NA,NA,NA,,,,NA,TRUE,125,222,FALSE,NA,FALSE,NA,es,FALSE,NA,68,NA,,1620978163051552800,1620978163051552768,,NA,NA,NA,NA,NA,NA,NA,NA,NA,NA
2023-02-02T15:20:12Z,1621166600798847e3,1621166600798846979,"üá™üá®üá™üá®üá™üá®
Gu√≠a para el voto por internet de los migrantes.
¬øPor qu√© y qui√©nes votar?:
- Consulta: OCHO VECES NO
- CPCCS: LA LIGA AZUL 
Casilleros:
Mujeres: 2-5-10
Hombres: 2-4-5
Pueblos: 3 https://t.co/RyFYUYnE6j","üá™üá®üá™üá®üá™üá®
Gu√≠a para el voto por internet de los migrantes.
¬øPor qu√© y qui√©nes votar?:
- Consulta: OCHO VECES NO
- CPCCS: LA LIGA AZUL 
Casilleros:
Mujeres: 2-5-10
Hombres: 2-4-5
Pueblos: 3 https://t.co/RyFYUYnE6j",FALSE,,"<a href=""http://twitter.com/download/iphone"" rel=""nofollow"">Twitter for iPhone</a>",NA,NA,NA,NA,NA,,,,NA,FALSE,201,306,FALSE,NA,FALSE,NA,es,FALSE,NA,185,NA,,NA,NA,,NA,NA,NA,NA,NA,NA,NA,NA,NA,NA
2023-02-02T15:12:29Z,1621164660115251200,1621164660115251200,"Recuerda:
La Liga Azul al CPCCSüòâ https://t.co/52oy3mJ59C","Recuerda:
La Liga Azul al CPCCSüòâ https://t.co/52oy3mJ59C",FALSE,,"<a href=""http://twitter.com/download/iphone"" rel=""nofollow"">Twitter for iPhone</a>",NA,NA,NA,NA,NA,,,,NA,FALSE,910,2146,FALSE,NA,FALSE,NA,es,FALSE,NA,32,NA,,NA,NA,,NA,NA,NA,NA,NA,NA,NA,NA,NA,NA
2023-02-02T15:03:13Z,1621162328594022400,1621162328594022405,#OchoVecesNo https://t.co/bY2pdqRnwD,#OchoVecesNo https://t.co/bY2pdqRnwD,FALSE,,"<a href=""http://twitter.com/download/iphone"" rel=""nofollow"">Twitter for iPhone</a>",NA,NA,NA,NA,NA,,,,NA,FALSE,80,134,FALSE,NA,FALSE,NA,qme,FALSE,NA,36,NA,,NA,NA,,NA,NA,NA,NA,NA,NA,NA,NA,NA,NA
2023-02-02T14:55:51Z,1621160475504296e3,1621160475504295936,Rafael Correa: ‚ÄúLa integraci√≥n latinoamericana es un destino ineludible que va m√°s all√° de ideolog√≠as‚Äù | Internacional | EL PA√çS https://t.co/2ybLUN7kJx,Rafael Correa: ‚ÄúLa integraci√≥n latinoamericana es un destino ineludible que va m√°s all√° de ideolog√≠as‚Äù | Internacional | EL PA√çS https://t.co/2ybLUN7kJx,FALSE,,"<a href=""http://twitter.com/download/iphone"" rel=""nofollow"">Twitter for iPhone</a>",NA,NA,NA,NA,NA,,,,NA,FALSE,166,307,FALSE,NA,FALSE,NA,es,FALSE,NA,152,NA,,NA,NA,,NA,NA,NA,NA,NA,NA,NA,NA,NA,NA
2023-02-02T14:33:27Z,1621154836900188200,1621154836900188160,*Sin,*Sin,FALSE,,"<a href=""http://twitter.com/download/iphone"" rel=""nofollow"">Twitter for iPhone</a>",1620972792639533e3,1620972792639533056,209780362,209780362,MashiRafael,,,,NA,FALSE,21,59,FALSE,NA,FALSE,NA,qst,NA,NA,4,NA,,NA,NA,,NA,NA,NA,NA,NA,NA,NA,NA,NA,NA
2023-02-02T14:19:49Z,1621151405171167200,1621151405171167233,"Cuando hab√≠a miles de personas reunidas y yo ten√≠a que intervenir, infiltrados hicieron varios disparos para generar p√°nico.
Pudo ser una cat√°strofe. Estos maleantes no tienen conciencia.
Quevedo, Los R√≠os. Con m√°s ganas:
TODO TODITO 5
OCHO VECES NO
LA LIGA AZUL üî∑PARA EL CPCCS https://t.co/cz3PQR1El9","Cuando hab√≠a miles de personas reunidas y yo ten√≠a que intervenir, infiltrados hicieron varios disparos para generar p√°nico.
Pudo ser una cat√°strofe. Estos maleantes no tienen conciencia.
Quevedo, Los R√≠os. Con m√°s ganas:
TODO TODITO 5
OCHO VECES NO
LA LIGA AZUL üî∑PARA EL CPCCS https://t.co/cz3PQR1El9",FALSE,,"<a href=""http://twitter.com/download/iphone"" rel=""nofollow"">Twitter for iPhone</a>",NA,NA,NA,NA,NA,,,,NA,TRUE,153,252,FALSE,NA,FALSE,NA,es,FALSE,NA,277,NA,,1620978163051552800,1620978163051552768,,NA,NA,NA,NA,NA,NA,NA,NA,NA,NA
2023-02-02T14:13:09Z,1621149727831249e3,1621149727831248896,"Guayaquile√±a, guayaquile√±o:
El domingo tendr√°s 8 papeletas.
Esta es la polla para poder votar en 1 minuto.
Papeletas seccionales: 
TODO, TODITO 5.
Papeletas CPCCS: 
LA LIGA AZUL.
Papeleta consulta: 
OCHO VECES NO.
Lleva la polla en tu cel y pasa la voz
¬°Hasta la victoria siempre! https://t.co/nsGiqmWIpp","Guayaquile√±a, guayaquile√±o:
El domingo tendr√°s 8 papeletas.
Esta es la polla para poder votar en 1 minuto.
Papeletas seccionales: 
TODO, TODITO 5.
Papeletas CPCCS: 
LA LIGA AZUL.
Papeleta consulta: 
OCHO VECES NO.
Lleva la polla en tu cel y pasa la voz
¬°Hasta la victoria siempre! https://t.co/nsGiqmWIpp",FALSE,,"<a href=""http://twitter.com/download/iphone"" rel=""nofollow"">Twitter for iPhone</a>",NA,NA,NA,NA,NA,,,,NA,FALSE,211,407,FALSE,NA,FALSE,NA,es,FALSE,NA,280,NA,,NA,NA,,NA,NA,NA,NA,NA,NA,NA,NA,NA,NA
2023-02-02T14:03:20Z,1.6211472567232799e+18,1621147256723279872,"#VIDEO: Paola Pab√≥n, resalta la experiencia de Pabel Mu√±oz, con quien tiene proyectos ambiciosos. | https://t.co/Z41fmifwkS https://t.co/HzoxeKS4pH","#VIDEO: Paola Pab√≥n, resalta la experiencia de Pabel Mu√±oz, con quien tiene proyectos ambiciosos. | https://t.co/Z41fmifwkS https://t.co/HzoxeKS4pH",FALSE,,"<a href=""http://twitter.com/download/iphone"" rel=""nofollow"">Twitter for iPhone</a>",NA,NA,NA,NA,NA,,,,NA,FALSE,110,193,FALSE,NA,FALSE,NA,es,FALSE,NA,147,NA,,NA,NA,,NA,NA,NA,NA,NA,NA,NA,NA,NA,NA
2023-02-02T06:04:30Z,1621026757259436e3,1621026757259436034,"No, Humberto. ¬øQu√© m√°s neoliberal, mediocre y corrupto que el Gobierno de Moreno, al cual t√∫ te vendiste?
Tampoco podemos olvidar a Luis Macas, fundador de la CONAIE, como uno de los  ¬´transitorios¬ª de Moreno.
No intentes tapar el Sol con un dedo.
#LosCorruptosSiempreFueronEllos https://t.co/HwUNzkaBrf","No, Humberto. ¬øQu√© m√°s neoliberal, mediocre y corrupto que el Gobierno de Moreno, al cual t√∫ te vendiste?
Tampoco podemos olvidar a Luis Macas, fundador de la CONAIE, como uno de los  ¬´transitorios¬ª de Moreno.
No intentes tapar el Sol con un dedo.
#LosCorruptosSiempreFueronEllos https://t.co/HwUNzkaBrf",FALSE,,"<a href=""http://twitter.com/download/iphone"" rel=""nofollow"">Twitter for iPhone</a>",NA,NA,NA,NA,NA,,,,NA,TRUE,211,352,FALSE,NA,FALSE,NA,es,FALSE,NA,279,NA,,1617704966000361500,1617704966000361473,,NA,NA,NA,NA,NA,NA,NA,NA,NA,NA
2023-02-02T05:52:56Z,1621023843895885800,1621023843895885824,"¬´Uno de los cincos contradictores m√°s grandes que tuvo Rafael Correa¬ª
Reci√©n me entero‚Ä¶
Vanidad de vanidadesüòâ https://t.co/ukqrfpNEPm","¬´Uno de los cincos contradictores m√°s grandes que tuvo Rafael Correa¬ª
Reci√©n me entero‚Ä¶
Vanidad de vanidadesüòâ https://t.co/ukqrfpNEPm",FALSE,,"<a href=""http://twitter.com/download/iphone"" rel=""nofollow"">Twitter for iPhone</a>",NA,NA,NA,NA,NA,,,,NA,TRUE,116,197,FALSE,NA,FALSE,NA,es,FALSE,NA,109,NA,,1620939476146192400,1620939476146192384,,NA,NA,NA,NA,NA,NA,NA,NA,NA,NA
2023-02-02T02:32:16Z,1620973344928727e3,1620973344928727041,"Este sinverg√ºenza es el que llamaba a los empresarios implicados en el #CasoBochornos al hotel Quito para decirles que si involucraban a Correa los dejaban en paz.
Tenemos los testimonios notariadosüòâ
#LosCorruptosSiempreFueronEllos https://t.co/Fuj35iccNj","Este sinverg√ºenza es el que llamaba a los empresarios implicados en el #CasoBochornos al hotel Quito para decirles que si involucraban a Correa los dejaban en paz.
Tenemos los testimonios notariadosüòâ
#LosCorruptosSiempreFueronEllos https://t.co/Fuj35iccNj",FALSE,,"<a href=""http://twitter.com/download/iphone"" rel=""nofollow"">Twitter for iPhone</a>",NA,NA,NA,NA,NA,,,,NA,TRUE,420,681,FALSE,NA,FALSE,NA,es,FALSE,NA,231,NA,,1620861516026347500,1620861516026347520,,NA,NA,NA,NA,NA,NA,NA,NA,NA,NA
